time,concentration
0,0.1
5,0.067032
10,0.044933
15,0.030119
20,0.02019
25,0.013534
30,0.009072
