time,concentration
0,0.1
5,0.091743
10,0.084746
15,0.07874
20,0.073529
25,0.068966
30,0.064935
